run,type,module,name,attrname,attrvalue,vectime,vecvalue
bothTestSameTim-3200-20221223-13:40:29-18964,vector,Throughput.destinationHost.app[0],throughput:vector,,,"0.044381231478 0.088591231478 0.132225231478 0.176309231478 0.220024231478 0.264216231478 0.307940231478 0.352114231478 0.395784231478 0.439886231478 0.483601231478 0.527235231478 0.571391231478 0.615124231478 0.659262231478 0.702869231478 0.746989231478 0.790605231478 0.834797231478 0.878476231478 0.922569231478 0.966284231478 1","36051275.431443 36190907.034608 36668652.885365 36294347.155431 36600709.13874 36205648.081101 36593175.372793 36220401.140943 36638424.547744 36279533.807991 36600709.13874 36668652.885365 36235166.228825 36585644.707658 36249943.359464 36691356.892242 36264732.547597 36683785.766691 36205648.081101 36630875.248975 36286938.969905 36600709.13874 36066210.361082"
bothTestSameTim-3201-20221223-13:40:30-18280,vector,Throughput.destinationHost.app[0],throughput:vector,,,"0.044057087802 0.087808087802 0.131982087802 0.175616087802 0.219790087802 0.263460087802 0.307643087802 0.351331087802 0.395433087802 0.439076087802 0.482764087802 0.526884087802 0.570491087802 0.614638087802 0.658344087802 0.702500087802 0.746125087802 0.790164087802 0.833825087802 0.877954087802 0.921615087802 0.965375087802 1","36316517.49636 36570592.672167 36220401.140943 36668652.885365 36220401.140943 36638424.547744 36213023.108435 36623329.060612 36279533.807991 36661091.125725 36623329.060612 36264732.547597 36691356.892242 36242553.287879 36608246.007413 36235166.228825 36676217.765043 36331433.502123 36645976.958842 36257336.445421 36645976.958842 36563071.297989 36043412.698447"
bothTestSameTim-3210-20221223-13:40:33-11520,vector,Throughput.destinationHost.app[0],throughput:vector,,,"0.044135135694 0.088219135694 0.131898135694 0.175595135694 0.219787135694 0.263565135694 0.307748135694 0.351409135694 0.395520135694 0.439190135694 0.483364135694 0.527034135694 0.571226135694 0.614851135694 0.658458135694 0.702623135694 0.746347135694 0.790467135694 0.834083135694 0.878266135694 0.922053135694 0.966200135694 1","36252295.92797 36294347.155431 36630875.248975 36615785.980731 36205648.081101 36548037.827219 36213023.108435 36645976.958842 36272131.667838 36638424.547744 36220401.140943 36638424.547744 36205648.081101 36676217.765043 36691356.892242 36227782.18046 36593175.372793 36264732.547597 36683785.766691 36213023.108435 36540525.726814 36242553.287879 36449850.474142"
bothTestSameTim-3211-20221223-13:40:34-16612,vector,Throughput.destinationHost.app[0],throughput:vector,,,"0.044039087802 0.087655087802 0.131811087802 0.175508087802 0.219673087802 0.263424087802 0.307616087802 0.351268087802 0.395469087802 0.439157087802 0.482854087802 0.527037087802 0.570761087802 0.614836087802 0.658488087802 0.702635087802 0.746359087802 0.790443087802 0.834077087802 0.878206087802 0.921930087802 0.965555087802 1","36331361.067096 36683785.766691 36235166.228825 36615785.980731 36227782.18046 36570592.672167 36205648.081101 36653532.484193 36198276.057103 36623329.060612 36615785.980731 36213023.108435 36593175.372793 36301758.366421 36653532.484193 36242553.287879 36593175.372793 36294347.155431 36668652.885365 36257336.445421 36593175.372793 36676217.765043 36231766.039237"
bothTestSameTim-3212-20221223-13:40:35-13576,vector,Throughput.destinationHost.app[0],throughput:vector,,,"0.044435231478 0.088456231478 0.132108231478 0.176192231478 0.219808231478 0.263955231478 0.307634231478 0.351754231478 0.395496231478 0.439679231478 0.483304231478 0.526992231478 0.571121231478 0.614782231478 0.658920231478 0.702608231478 0.746701231478 0.790344231478 0.834473231478 0.878188231478 0.922299231478 0.966077231478 1","36007464.050056 36346289.27103 36653532.484193 36294347.155431 36683785.766691 36242553.287879 36630875.248975 36264732.547597 36578117.14142 36213023.108435 36676217.765043 36623329.060612 36257336.445421 36645976.958842 36249943.359464 36623329.060612 36286938.969905 36661091.125725 36257336.445421 36600709.13874 36272131.667838 36548037.827219 36317790.489329"
bothTestSameTim-3213-20221223-13:40:35-14140,vector,Throughput.destinationHost.app[0],throughput:vector,,,"0.043994087802 0.087682087802 0.131775087802 0.175544087802 0.219673087802 0.263316087802 0.307463087802 0.351115087802 0.395244087802 0.438923087802 0.482593087802 0.526686087802 0.570383087802 0.614449087802 0.658092087802 0.702203087802 0.745828087802 0.789948087802 0.833645087802 0.877810087802 0.921462087802 0.965168087802 1","36368523.134312 36623329.060612 36286938.969905 36555553.016975 36257336.445421 36661091.125725 36242553.287879 36653532.484193 36257336.445421 36630875.248975 36638424.547744 36286938.969905 36615785.980731 36309172.604729 36661091.125725 36272131.667838 36676217.765043 36264732.547597 36615785.980731 36227782.18046 36653532.484193 36608246.007413 35829212.961546"
bothTestSameTim-3214-20221223-13:40:35-13176,vector,Throughput.destinationHost.app[0],throughput:vector,,,"0.044258183586 0.088396183586 0.132129183586 0.176276183586 0.219973183586 0.264066183586 0.307637183586 0.351325183586 0.395463183586 0.439151183586 0.483253183586 0.526905183586 0.570989183586 0.614686183586 0.658833183586 0.702467183586 0.746614183586 0.790293183586 0.833999183586 0.878128183586 0.921789183586 0.965963183586 1","36151506.238185 36249943.359464 36585644.707658 36242553.287879 36615785.980731 36286938.969905 36721672.67219 36623329.060612 36249943.359464 36623329.060612 36279533.807991 36653532.484193 36294347.155431 36615785.980731 36242553.287879 36668652.885365 36242553.287879 36630875.248975 36608246.007413 36257336.445421 36645976.958842 36220401.140943 36196099.688491"
bothTestSameTim-3215-20221223-13:40:35-9252,vector,Throughput.destinationHost.app[0],throughput:vector,,,"0.044216135694 0.088309135694 0.131979135694 0.175676135694 0.219742135694 0.263421135694 0.307478135694 0.351067135694 0.395160135694 0.438920135694 0.483013135694 0.526710135694 0.570749135694 0.614419135694 0.657990135694 0.702146135694 0.745780135694 0.789927135694 0.833615135694 0.877852135694 0.921522135694 0.965651135694 1","36185884.969073 36286938.969905 36638424.547744 36615785.980731 36309172.604729 36630875.248975 36316589.872211 36706508.522792 36286938.969905 36563071.297989 36286938.969905 36615785.980731 36331433.502123 36638424.547744 36721672.67219 36235166.228825 36668652.885365 36242553.287879 36623329.060612 36168817.957818 36638424.547744 36257336.445421 36333078.988641"
bothTestSameTim-3216-20221223-13:40:35-19068,vector,Throughput.destinationHost.app[0],throughput:vector,,,"0.044162135694 0.088336135694 0.131952135694 0.175631135694 0.219823135694 0.263520135694 0.307586135694 0.351265135694 0.395385135694 0.438992135694 0.483121135694 0.526809135694 0.571001135694 0.614626135694 0.658278135694 0.702380135694 0.746050135694 0.790125135694 0.833795135694 0.877906135694 0.921612135694 0.965777135694 1","36230131.873296 36220401.140943 36683785.766691 36630875.248975 36205648.081101 36615785.980731 36309172.604729 36630875.248975 36264732.547597 36691356.892242 36257336.445421 36623329.060612 36205648.081101 36676217.765043 36653532.484193 36279533.807991 36638424.547744 36301758.366421 36638424.547744 36272131.667838 36608246.007413 36227782.18046 35999324.573893"
bothTestSameTim-3217-20221223-13:40:36-5152,vector,Throughput.destinationHost.app[0],throughput:vector,,,"0.044075087802 0.087736087802 0.131856087802 0.175535087802 0.219718087802 0.263379087802 0.307580087802 0.351313087802 0.395442087802 0.439148087802 0.482809087802 0.526911087802 0.570464087802 0.614521087802 0.658164087802 0.702284087802 0.745972087802 0.790020087802 0.833690087802 0.877747087802 0.921453087802 0.965087087802 1","36301686.049674 36645976.958842 36264732.547597 36630875.248975 36213023.108435 36645976.958842 36198276.057103 36585644.707658 36257336.445421 36608246.007413 36645976.958842 36279533.807991 36736849.355957 36316589.872211 36661091.125725 36264732.547597 36623329.060612 36324010.170723 36638424.547744 36316589.872211 36608246.007413 36668652.885365 35746087.090137"
bothTestSameTim-3218-20221223-13:40:37-12876,vector,Throughput.destinationHost.app[0],throughput:vector,,,"0.044012087802 0.087709087802 0.131865087802 0.175481087802 0.219637087802 0.263343087802 0.307526087802 0.351205087802 0.395325087802 0.438968087802 0.482656087802 0.526749087802 0.570518087802 0.614593087802 0.658317087802 0.702500087802 0.746242087802 0.790443087802 0.834095087802 0.878233087802 0.921966087802 0.965582087802 1","36353649.188333 36615785.980731 36235166.228825 36683785.766691 36235166.228825 36608246.007413 36213023.108435 36630875.248975 36264732.547597 36661091.125725 36623329.060612 36286938.969905 36555553.016975 36301758.366421 36593175.372793 36213023.108435 36578117.14142 36198276.057103 36653532.484193 36249943.359464 36585644.707658 36683785.766691 36260188.962668"
bothTestSameTim-3219-20221223-13:40:37-16140,vector,Throughput.destinationHost.app[0],throughput:vector,,,"0.044252135694 0.088435135694 0.132150135694 0.175838135694 0.220021135694 0.263718135694 0.307856135694 0.351490135694 0.395592135694 0.439217135694 0.483328135694 0.526944135694 0.571082135694 0.614671135694 0.658323135694 0.702407135694 0.746176135694 0.790305135694 0.834047135694 0.878176135694 0.921828135694 0.965930135694 1","36156447.025831 36213023.108435 36600709.13874 36623329.060612 36213023.108435 36615785.980731 36249943.359464 36668652.885365 36279533.807991 36676217.765043 36272131.667838 36683785.766691 36249943.359464 36706508.522792 36653532.484193 36294347.155431 36555553.016975 36257336.445421 36578117.14142 36257336.445421 36653532.484193 36279533.807991 36160989.340455"
bothTestSameTim-3202-20221223-13:40:30-13836,vector,Throughput.destinationHost.app[0],throughput:vector,,,"0.044084087802 0.087727087802 0.131937087802 0.175553087802 0.219637087802 0.263298087802 0.307436087802 0.351169087802 0.395280087802 0.438878087802 0.482503087802 0.526596087802 0.570284087802 0.614458087802 0.658155087802 0.702338087802 0.746035087802 0.790110087802 0.833798087802 0.877846087802 0.921561087802 0.965222087802 1","36294274.868208 36661091.125725 36190907.034608 36683785.766691 36294347.155431 36645976.958842 36249943.359464 36585644.707658 36272131.667838 36698931.14363 36676217.765043 36286938.969905 36623329.060612 36220401.140943 36615785.980731 36213023.108435 36615785.980731 36301758.366421 36623329.060612 36324010.170723 36600709.13874 36645976.958842 35884845.32639"
bothTestSameTim-3220-20221223-13:40:38-17056,vector,Throughput.destinationHost.app[0],throughput:vector,,,"0.044321183586 0.088495183586 0.132174183586 0.176258183586 0.219892183586 0.264030183586 0.307790183586 0.351523183586 0.395553183586 0.439277183586 0.483406183586 0.527031183586 0.571106183586 0.614803183586 0.658986183586 0.702719183586 0.746875183586 0.790527183586 0.834170183586 0.878380183586 0.922104183586 0.966242183586 1","36100118.962198 36220401.140943 36630875.248975 36294347.155431 36668652.885365 36249943.359464 36563071.297989 36585644.707658 36338859.868272 36593175.372793 36257336.445421 36676217.765043 36301758.366421 36615785.980731 36213023.108435 36585644.707658 36235166.228825 36653532.484193 36661091.125725 36190907.034608 36593175.372793 36249943.359464 36021287.191304"
bothTestSameTim-3221-20221223-13:40:38-17600,vector,Throughput.destinationHost.app[0],throughput:vector,,,"0.044030087802 0.087754087802 0.131928087802 0.175616087802 0.219754087802 0.263442087802 0.307679087802 0.351358087802 0.395568087802 0.439193087802 0.482944087802 0.527109087802 0.570806087802 0.614935087802 0.658659087802 0.702860087802 0.746620087802 0.790767087802 0.834464087802 0.878557087802 0.922263087802 0.965942087802 1","36338787.403629 36593175.372793 36220401.140943 36623329.060612 36249943.359464 36623329.060612 36168817.957818 36630875.248975 36190907.034608 36676217.765043 36570592.672167 36227782.18046 36615785.980731 36257336.445421 36593175.372793 36198276.057103 36563071.297989 36242553.287879 36615785.980731 36286938.969905 36608246.007413 36630875.248975 36173679.491497"
bothTestSameTim-3222-20221223-13:40:38-1968,vector,Throughput.destinationHost.app[0],throughput:vector,,,"0.044207135694 0.088408135694 0.132114135694 0.175811135694 0.220057135694 0.263655135694 0.307739135694 0.351310135694 0.395466135694 0.439082135694 0.483256135694 0.526998135694 0.571145135694 0.614869135694 0.658530135694 0.702623135694 0.746284135694 0.790314135694 0.833993135694 0.878059135694 0.921801135694 0.965930135694 1","36193251.946363 36198276.057103 36608246.007413 36615785.980731 36161460.923021 36698931.14363 36294347.155431 36721672.67219 36235166.228825 36683785.766691 36220401.140943 36578117.14142 36242553.287879 36593175.372793 36645976.958842 36286938.969905 36645976.958842 36338859.868272 36630875.248975 36309172.604729 36578117.14142 36257336.445421 36160989.340455"
bothTestSameTim-3223-20221223-13:40:38-10484,vector,Throughput.destinationHost.app[0],throughput:vector,,,"0.044267183586 0.088396183586 0.131976183586 0.176168183586 0.219793183586 0.264021183586 0.307673183586 0.351352183586 0.395535183586 0.439097183586 0.483244183586 0.526995183586 0.571169183586 0.614911183586 0.659076183586 0.702710183586 0.746938183586 0.790545183586 0.834224183586 0.878308183586 0.921924183586 0.966044183586 1","36144156.243679 36257336.445421 36714089.031666 36205648.081101 36676217.765043 36176177.986796 36653532.484193 36630875.248975 36213023.108435 36729259.446306 36242553.287879 36570592.672167 36220401.140943 36578117.14142 36227782.18046 36668652.885365 36176177.986796 36691356.892242 36630875.248975 36294347.155431 36683785.766691 36264732.547597 36282443.778676"
bothTestSameTim-3224-20221223-13:40:40-15364,vector,Throughput.destinationHost.app[0],throughput:vector,,,"0.044207135694 0.088291135694 0.131916135694 0.175532135694 0.219643135694 0.263286135694 0.307397135694 0.351175135694 0.395358135694 0.439010135694 0.483148135694 0.526791135694 0.570839135694 0.614563135694 0.658242135694 0.702443135694 0.746050135694 0.790161135694 0.833903135694 0.878059135694 0.921693135694 0.965768135694 1","36193251.946363 36294347.155431 36676217.765043 36683785.766691 36272131.667838 36661091.125725 36272131.667838 36548037.827219 36213023.108435 36653532.484193 36249943.359464 36661091.125725 36324010.170723 36593175.372793 36630875.248975 36198276.057103 36691356.892242 36272131.667838 36578117.14142 36235166.228825 36668652.885365 36301758.366421 36457260.663459"
bothTestSameTim-3225-20221223-13:40:40-16728,vector,Throughput.destinationHost.app[0],throughput:vector,,,"0.044144135694 0.088318135694 0.132006135694 0.175721135694 0.219895135694 0.263547135694 0.307649135694 0.351274135694 0.395448135694 0.439082135694 0.483256135694 0.526962135694 0.571055135694 0.614689135694 0.658368135694 0.702488135694 0.746194135694 0.790323135694 0.833993135694 0.878149135694 0.921801135694 0.965840135694 1","36244904.897243 36220401.140943 36623329.060612 36600709.13874 36220401.140943 36653532.484193 36279533.807991 36676217.765043 36220401.140943 36668652.885365 36220401.140943 36608246.007413 36286938.969905 36668652.885365 36630875.248975 36264732.547597 36608246.007413 36257336.445421 36638424.547744 36235166.228825 36653532.484193 36331433.502123 36065717.034585"
bothTestSameTim-3226-20221223-13:40:40-4992,vector,Throughput.destinationHost.app[0],throughput:vector,,,"0.044330183586 0.088504183586 0.132192183586 0.176330183586 0.220000183586 0.264147183586 0.307799183586 0.351424183586 0.395589183586 0.439295183586 0.483442183586 0.527184183586 0.571295183586 0.615010183586 0.659175183586 0.702827183586 0.746938183586 0.790626183586 0.834323183586 0.878443183586 0.922068183586 0.966206183586 1","36092789.845908 36220401.140943 36623329.060612 36249943.359464 36638424.547744 36242553.287879 36653532.484193 36676217.765043 36227782.18046 36608246.007413 36242553.287879 36578117.14142 36272131.667838 36600709.13874 36227782.18046 36653532.484193 36272131.667838 36623329.060612 36615785.980731 36264732.547597 36676217.765043 36249943.359464 35982914.30311"
bothTestSameTim-3227-20221223-13:40:41-9024,vector,Throughput.destinationHost.app[0],throughput:vector,,,"0.044321183586 0.088504183586 0.132093183586 0.176186183586 0.219838183586 0.263976183586 0.307664183586 0.351307183586 0.395355183586 0.439016183586 0.483208183586 0.526788183586 0.570944183586 0.614596183586 0.658716183586 0.702422183586 0.746551183586 0.790167183586 0.833774183586 0.877912183586 0.921636183586 0.965783183586 1","36100118.962198 36213023.108435 36706508.522792 36286938.969905 36653532.484193 36249943.359464 36623329.060612 36661091.125725 36324010.170723 36645976.958842 36205648.081101 36714089.031666 36235166.228825 36653532.484193 36264732.547597 36608246.007413 36257336.445421 36683785.766691 36691356.892242 36249943.359464 36593175.372793 36242553.287879 36005687.527841"
bothTestSameTim-3228-20221223-13:40:41-16980,vector,Throughput.destinationHost.app[0],throughput:vector,,,"0.044102087802 0.087808087802 0.131937087802 0.175661087802 0.219781087802 0.263451087802 0.307571087802 0.351277087802 0.395388087802 0.439094087802 0.482746087802 0.526848087802 0.570473087802 0.614566087802 0.658200087802 0.702365087802 0.746080087802 0.790200087802 0.833879087802 0.878017087802 0.921714087802 0.965312087802 1","36279461.579763 36608246.007413 36257336.445421 36593175.372793 36264732.547597 36638424.547744 36264732.547597 36608246.007413 36272131.667838 36608246.007413 36653532.484193 36279533.807991 36676217.765043 36286938.969905 36668652.885365 36227782.18046 36600709.13874 36264732.547597 36630875.248975 36249943.359464 36615785.980731 36698931.14363 35977950.845711"
bothTestSameTim-3229-20221223-13:40:41-10328,vector,Throughput.destinationHost.app[0],throughput:vector,,,"0.044144135694 0.088273135694 0.131979135694 0.175685135694 0.219814135694 0.263502135694 0.307676135694 0.351319135694 0.395394135694 0.439091135694 0.483121135694 0.526800135694 0.570983135694 0.614734135694 0.658467135694 0.702587135694 0.746311135694 0.790440135694 0.834056135694 0.878122135694 0.921792135694 0.965921135694 1","36244904.897243 36257336.445421 36608246.007413 36608246.007413 36257336.445421 36623329.060612 36220401.140943 36661091.125725 36301758.366421 36615785.980731 36338859.868272 36630875.248975 36213023.108435 36570592.672167 36585644.707658 36264732.547597 36593175.372793 36257336.445421 36683785.766691 36309172.604729 36638424.547744 36257336.445421 36151439.465167"
bothTestSameTim-3203-20221223-13:40:30-16580,vector,Throughput.destinationHost.app[0],throughput:vector,,,"0.044285183586 0.088423183586 0.132129183586 0.176177183586 0.219811183586 0.263904183586 0.307538183586 0.351199183586 0.395337183586 0.439061183586 0.483217183586 0.526797183586 0.570962183586 0.614614183586 0.658743183586 0.702422183586 0.746641183586 0.790293183586 0.833945183586 0.878047183586 0.921771183586 0.965900183586 1","36129465.217026 36249943.359464 36608246.007413 36324010.170723 36668652.885365 36286938.969905 36668652.885365 36645976.958842 36249943.359464 36593175.372793 36235166.228825 36714089.031666 36227782.18046 36653532.484193 36257336.445421 36630875.248975 36183541.011782 36653532.484193 36653532.484193 36279533.807991 36593175.372793 36257336.445421 36129226.768922"
bothTestSameTim-3230-20221223-13:40:42-10264,vector,Throughput.destinationHost.app[0],throughput:vector,,,"0.044057087802 0.087682087802 0.131766087802 0.175463087802 0.219583087802 0.263172087802 0.307373087802 0.351025087802 0.395172087802 0.438878087802 0.482611087802 0.526722087802 0.570329087802 0.614458087802 0.658146087802 0.702266087802 0.745963087802 0.790092087802 0.833708087802 0.877909087802 0.921534087802 0.965204087802 1","36316517.49636 36676217.765043 36294347.155431 36615785.980731 36264732.547597 36706508.522792 36198276.057103 36653532.484193 36242553.287879 36608246.007413 36585644.707658 36272131.667838 36691356.892242 36257336.445421 36623329.060612 36264732.547597 36615785.980731 36257336.445421 36683785.766691 36198276.057103 36676217.765043 36638424.547744 35866282.018947"
bothTestSameTim-3231-20221223-13:40:42-11204,vector,Throughput.destinationHost.app[0],throughput:vector,,,"0.044030087802 0.087781087802 0.132009087802 0.175661087802 0.219826087802 0.263469087802 0.307607087802 0.351358087802 0.395442087802 0.439040087802 0.482665087802 0.526884087802 0.570563087802 0.614611087802 0.658281087802 0.702410087802 0.746026087802 0.790137087802 0.833834087802 0.877936087802 0.921588087802 0.965249087802 1","36338787.403629 36570592.672167 36176177.986796 36653532.484193 36227782.18046 36661091.125725 36249943.359464 36570592.672167 36294347.155431 36698931.14363 36676217.765043 36183541.011782 36630875.248975 36324010.170723 36638424.547744 36257336.445421 36683785.766691 36272131.667838 36615785.980731 36279533.807991 36653532.484193 36645976.958842 35912726.34483"
bothTestSameTim-3232-20221223-13:40:43-12772,vector,Throughput.destinationHost.app[0],throughput:vector,,,"0.044102087802 0.087799087802 0.131964087802 0.175589087802 0.219682087802 0.263361087802 0.307517087802 0.351169087802 0.395226087802 0.438842087802 0.482494087802 0.526596087802 0.570320087802 0.614503087802 0.658155087802 0.702257087802 0.745936087802 0.790029087802 0.833726087802 0.877909087802 0.921660087802 0.965348087802 1","36279461.579763 36615785.980731 36227782.18046 36676217.765043 36286938.969905 36630875.248975 36235166.228825 36653532.484193 36316589.872211 36683785.766691 36653532.484193 36279533.807991 36593175.372793 36213023.108435 36653532.484193 36279533.807991 36630875.248975 36286938.969905 36615785.980731 36213023.108435 36570592.672167 36623329.060612 36015328.472177"
bothTestSameTim-3233-20221223-13:40:43-4280,vector,Throughput.destinationHost.app[0],throughput:vector,,,"0.044207135694 0.088282135694 0.131907135694 0.175622135694 0.219670135694 0.263322135694 0.307442135694 0.351049135694 0.395160135694 0.438866135694 0.482968135694 0.526611135694 0.570749135694 0.614356135694 0.658071135694 0.702209135694 0.745789135694 0.789882135694 0.833660135694 0.877780135694 0.921459135694 0.965678135694 1","36193251.946363 36301758.366421 36676217.765043 36600709.13874 36324010.170723 36653532.484193 36264732.547597 36691356.892242 36272131.667838 36608246.007413 36279533.807991 36661091.125725 36249943.359464 36691356.892242 36600709.13874 36249943.359464 36714089.031666 36286938.969905 36548037.827219 36264732.547597 36630875.248975 36183541.011782 36361661.152009"
bothTestSameTim-3234-20221223-13:40:43-4660,vector,Throughput.destinationHost.app[0],throughput:vector,,,"0.044135135694 0.088237135694 0.131862135694 0.175424135694 0.219634135694 0.263322135694 0.307460135694 0.351094135694 0.395295135694 0.438947135694 0.483067135694 0.526701135694 0.570803135694 0.614356135694 0.658035135694 0.702227135694 0.745879135694 0.790017135694 0.833804135694 0.877915135694 0.921711135694 0.965813135694 1","36252295.92797 36279533.807991 36676217.765043 36729259.446306 36190907.034608 36623329.060612 36249943.359464 36668652.885365 36198276.057103 36653532.484193 36264732.547597 36668652.885365 36279533.807991 36736849.355957 36630875.248975 36205648.081101 36653532.484193 36249943.359464 36540525.726814 36272131.667838 36533016.713855 36279533.807991 36037233.159865"
bothTestSameTim-3235-20221223-13:40:43-18488,vector,Throughput.destinationHost.app[0],throughput:vector,,,"0.044039087802 0.087709087802 0.131811087802 0.175508087802 0.219583087802 0.263289087802 0.307409087802 0.351043087802 0.395100087802 0.438788087802 0.482413087802 0.526515087802 0.570194087802 0.614350087802 0.658029087802 0.702149087802 0.745756087802 0.789867087802 0.833501087802 0.877585087802 0.921246087802 0.964889087802 1","36331361.067096 36638424.547744 36279533.807991 36615785.980731 36301758.366421 36608246.007413 36264732.547597 36668652.885365 36316589.872211 36623329.060612 36676217.765043 36279533.807991 36630875.248975 36235166.228825 36630875.248975 36264732.547597 36691356.892242 36272131.667838 36668652.885365 36294347.155431 36645976.958842 36661091.125725 36000203.950042"
bothTestSameTim-3236-20221223-13:40:45-5320,vector,Throughput.destinationHost.app[0],throughput:vector,,,"0.044126135694 0.088309135694 0.132087135694 0.175739135694 0.219886135694 0.263601135694 0.307748135694 0.351400135694 0.395565135694 0.439280135694 0.483463135694 0.527124135694 0.571262135694 0.614923135694 0.658584135694 0.702821135694 0.746482135694 0.790584135694 0.834263135694 0.878365135694 0.922134135694 0.966299135694 1","36259689.973658 36213023.108435 36548037.827219 36653532.484193 36242553.287879 36600709.13874 36242553.287879 36653532.484193 36227782.18046 36600709.13874 36213023.108435 36645976.958842 36249943.359464 36645976.958842 36645976.958842 36168817.957818 36645976.958842 36279533.807991 36630875.248975 36279533.807991 36555553.016975 36227782.18046 36556925.923726"
bothTestSameTim-3237-20221223-13:40:46-15332,vector,Throughput.destinationHost.app[0],throughput:vector,,,"0.045167327262 0.088837327262 0.133002327262 0.176600327262 0.220738327262 0.264417327262 0.308492327262 0.352180327262 0.395841327262 0.440015327262 0.483757327262 0.527886327262 0.571466327262 0.615622327262 0.659328327262 0.703448327262 0.747226327262 0.791337327262 0.835061327262 0.878776327262 0.923013327262 0.966638327262 1","35423836.144188 36638424.547744 36227782.18046 36698931.14363 36249943.359464 36630875.248975 36301758.366421 36623329.060612 36645976.958842 36220401.140943 36578117.14142 36257336.445421 36714089.031666 36235166.228825 36608246.007413 36264732.547597 36548037.827219 36272131.667838 36593175.372793 36600709.13874 36168817.957818 36676217.765043 35969419.442004"
bothTestSameTim-3238-20221223-13:40:46-15460,vector,Throughput.destinationHost.app[0],throughput:vector,,,"0.044111087802 0.087763087802 0.131883087802 0.175580087802 0.219754087802 0.263469087802 0.307634087802 0.351331087802 0.395559087802 0.439247087802 0.482818087802 0.526974087802 0.570644087802 0.614836087802 0.658407087802 0.702437087802 0.746089087802 0.790200087802 0.833861087802 0.877963087802 0.921714087802 0.965429087802 1","36272059.469081 36653532.484193 36264732.547597 36615785.980731 36220401.140943 36600709.13874 36227782.18046 36615785.980731 36176177.986796 36623329.060612 36721672.67219 36235166.228825 36638424.547744 36205648.081101 36721672.67219 36338859.868272 36653532.484193 36272131.667838 36645976.958842 36279533.807991 36570592.672167 36600709.13874 36099712.754244"
bothTestSameTim-3239-20221223-13:40:46-19420,vector,Throughput.destinationHost.app[0],throughput:vector,,,"0.044075087802 0.087763087802 0.131901087802 0.175553087802 0.219709087802 0.263298087802 0.307490087802 0.351169087802 0.395289087802 0.439031087802 0.482746087802 0.526812087802 0.570545087802 0.614557087802 0.658227087802 0.702338087802 0.746008087802 0.790137087802 0.833789087802 0.877972087802 0.921687087802 0.965393087802 1","36301686.049674 36623329.060612 36249943.359464 36653532.484193 36235166.228825 36706508.522792 36205648.081101 36630875.248975 36264732.547597 36578117.14142 36600709.13874 36309172.604729 36585644.707658 36353721.71226 36638424.547744 36272131.667838 36638424.547744 36257336.445421 36653532.484193 36213023.108435 36600709.13874 36608246.007413 36062159.861582"
bothTestSameTim-3204-20221223-13:40:30-5664,vector,Throughput.destinationHost.app[0],throughput:vector,,,"0.044285183586 0.088387183586 0.132021183586 0.176114183586 0.219712183586 0.263877183586 0.307520183586 0.351226183586 0.395328183586 0.439034183586 0.483163183586 0.526860183586 0.570917183586 0.614560183586 0.658689183586 0.702368183586 0.746488183586 0.790185183586 0.833810183586 0.877876183586 0.921618183586 0.965729183586 1","36129465.217026 36279533.807991 36668652.885365 36286938.969905 36698931.14363 36227782.18046 36661091.125725 36608246.007413 36279533.807991 36608246.007413 36257336.445421 36615785.980731 36316589.872211 36661091.125725 36257336.445421 36630875.248975 36264732.547597 36615785.980731 36676217.765043 36309172.604729 36578117.14142 36272131.667838 35948953.918026"
bothTestSameTim-3240-20221223-13:40:46-15716,vector,Throughput.destinationHost.app[0],throughput:vector,,,"0.044198135694 0.088291135694 0.132069135694 0.175730135694 0.219904135694 0.263547135694 0.307685135694 0.351256135694 0.395403135694 0.439028135694 0.483220135694 0.526881135694 0.571019135694 0.614788135694 0.658458135694 0.702587135694 0.746221135694 0.790395135694 0.834056135694 0.878248135694 0.921936135694 0.966047135694 1","36200621.923906 36286938.969905 36548037.827219 36645976.958842 36220401.140943 36661091.125725 36249943.359464 36721672.67219 36242553.287879 36676217.765043 36205648.081101 36645976.958842 36249943.359464 36555553.016975 36638424.547744 36257336.445421 36668652.885365 36220401.140943 36645976.958842 36205648.081101 36623329.060612 36272131.667838 36285598.437192"
bothTestSameTim-3241-20221223-13:40:47-18088,vector,Throughput.destinationHost.app[0],throughput:vector,,,"0.043994087802 0.087727087802 0.131901087802 0.175580087802 0.219700087802 0.263325087802 0.307418087802 0.351070087802 0.395136087802 0.438824087802 0.482539087802 0.526749087802 0.570410087802 0.614521087802 0.658209087802 0.702338087802 0.745954087802 0.790074087802 0.833600087802 0.877756087802 0.921372087802 0.965105087802 1","36368523.134312 36585644.707658 36220401.140943 36630875.248975 36264732.547597 36676217.765043 36286938.969905 36653532.484193 36309172.604729 36623329.060612 36600709.13874 36190907.034608 36645976.958842 36272131.667838 36623329.060612 36257336.445421 36683785.766691 36264732.547597 36759637.917567 36235166.228825 36683785.766691 36585644.707658 35764526.155522"
bothTestSameTim-3242-20221223-13:40:47-16944,vector,Throughput.destinationHost.app[0],throughput:vector,,,"0.04498127937 0.08856127937 0.13270827937 0.17636927937 0.22007527937 0.26406027937 0.30773927937 0.35183227937 0.39554727937 0.43966727937 0.48330127937 0.52737627937 0.57099227937 0.61515727937 0.65889027937 0.70249727937 0.74662627937 0.79038627937 0.83446127937 0.87814027937 0.92217927937 0.96583127937 1","35570353.320522 36714089.031666 36242553.287879 36645976.958842 36608246.007413 36376037.285438 36630875.248975 36286938.969905 36600709.13874 36264732.547597 36668652.885365 36301758.366421 36683785.766691 36227782.18046 36585644.707658 36691356.892242 36257336.445421 36563071.297989 36301758.366421 36630875.248975 36331433.502123 36653532.484193 36056369.020686"
bothTestSameTim-3243-20221223-13:40:48-17480,vector,Throughput.destinationHost.app[0],throughput:vector,,,"0.044258183586 0.088405183586 0.131958183586 0.176150183586 0.219811183586 0.263922183586 0.307601183586 0.351316183586 0.395427183586 0.439070183586 0.483217183586 0.526833183586 0.570935183586 0.614632183586 0.658842183586 0.702431183586 0.746551183586 0.790185183586 0.833873183586 0.877948183586 0.921618183586 0.965720183586 1","36151506.238185 36242553.287879 36736849.355957 36205648.081101 36645976.958842 36272131.667838 36630875.248975 36600709.13874 36272131.667838 36661091.125725 36242553.287879 36683785.766691 36279533.807991 36615785.980731 36190907.034608 36706508.522792 36264732.547597 36668652.885365 36623329.060612 36301758.366421 36638424.547744 36279533.807991 36406262.651112"
bothTestSameTim-3244-20221223-13:40:48-5724,vector,Throughput.destinationHost.app[0],throughput:vector,,,"0.044216135694 0.088372135694 0.132015135694 0.175712135694 0.219877135694 0.263547135694 0.307631135694 0.351265135694 0.395367135694 0.439055135694 0.483094135694 0.526827135694 0.570974135694 0.614743135694 0.658449135694 0.702497135694 0.746131135694 0.790260135694 0.833858135694 0.877996135694 0.921666135694 0.965804135694 1","36185884.969073 36235166.228825 36661091.125725 36615785.980731 36227782.18046 36638424.547744 36294347.155431 36668652.885365 36279533.807991 36623329.060612 36331433.502123 36585644.707658 36242553.287879 36555553.016975 36608246.007413 36324010.170723 36668652.885365 36257336.445421 36698931.14363 36249943.359464 36638424.547744 36249943.359464 36027748.53051"
bothTestSameTim-3245-20221223-13:40:48-14156,vector,Throughput.destinationHost.app[0],throughput:vector,,,"0.044435231478 0.088528231478 0.132207231478 0.176336231478 0.219916231478 0.264000231478 0.307706231478 0.351898231478 0.395514231478 0.439580231478 0.483304231478 0.527001231478 0.571103231478 0.614791231478 0.658920231478 0.702635231478 0.746755231478 0.790443231478 0.834599231478 0.878251231478 0.922389231478 0.966059231478 1","36007464.050056 36286938.969905 36630875.248975 36257336.445421 36714089.031666 36294347.155431 36608246.007413 36205648.081101 36683785.766691 36309172.604729 36593175.372793 36615785.980731 36279533.807991 36623329.060612 36257336.445421 36600709.13874 36264732.547597 36623329.060612 36235166.228825 36653532.484193 36249943.359464 36638424.547744 35827120.390978"
bothTestSameTim-3246-20221223-13:40:48-1820,vector,Throughput.destinationHost.app[0],throughput:vector,,,"0.044111087802 0.087691087802 0.131838087802 0.175454087802 0.219592087802 0.263253087802 0.307328087802 0.351007087802 0.395082087802 0.438887087802 0.482548087802 0.526641087802 0.570284087802 0.614431087802 0.658164087802 0.702320087802 0.746026087802 0.790164087802 0.833942087802 0.878026087802 0.921678087802 0.965258087802 1","36272059.469081 36714089.031666 36242553.287879 36683785.766691 36249943.359464 36645976.958842 36301758.366421 36630875.248975 36301758.366421 36525510.78644 36645976.958842 36286938.969905 36661091.125725 36242553.287879 36585644.707658 36235166.228825 36608246.007413 36249943.359464 36548037.827219 36294347.155431 36653532.484193 36714089.031666 35922029.647863"
bothTestSameTim-3247-20221223-13:40:49-6660,vector,Throughput.destinationHost.app[0],throughput:vector,,,"0.044207135694 0.088363135694 0.132123135694 0.175766135694 0.219904135694 0.263619135694 0.307802135694 0.351517135694 0.395637135694 0.439316135694 0.483418135694 0.527034135694 0.571217135694 0.614959135694 0.658629135694 0.702749135694 0.746455135694 0.790656135694 0.834290135694 0.878500135694 0.922233135694 0.966335135694 1","36193251.946363 36235166.228825 36563071.297989 36661091.125725 36249943.359464 36600709.13874 36213023.108435 36600709.13874 36264732.547597 36630875.248975 36279533.807991 36683785.766691 36213023.108435 36578117.14142 36638424.547744 36264732.547597 36608246.007413 36198276.057103 36668652.885365 36190907.034608 36585644.707658 36279533.807991 36596018.590826"
bothTestSameTim-3248-20221223-13:40:50-17308,vector,Throughput.destinationHost.app[0],throughput:vector,,,"0.044039087802 0.087718087802 0.131838087802 0.175508087802 0.219610087802 0.263271087802 0.307364087802 0.351088087802 0.395181087802 0.438869087802 0.482530087802 0.526722087802 0.570419087802 0.614521087802 0.658200087802 0.702230087802 0.745972087802 0.790155087802 0.833861087802 0.878053087802 0.921732087802 0.965384087802 1","36331361.067096 36630875.248975 36264732.547597 36638424.547744 36279533.807991 36645976.958842 36286938.969905 36593175.372793 36286938.969905 36623329.060612 36645976.958842 36205648.081101 36615785.980731 36279533.807991 36630875.248975 36338859.868272 36578117.14142 36213023.108435 36608246.007413 36205648.081101 36630875.248975 36653532.484193 36052783.84292"
bothTestSameTim-3249-20221223-13:40:51-16164,vector,Throughput.destinationHost.app[0],throughput:vector,,,"0.043994087802 0.087610087802 0.131748087802 0.175373087802 0.219520087802 0.263190087802 0.307283087802 0.350890087802 0.395091087802 0.438842087802 0.482503087802 0.526623087802 0.570293087802 0.614440087802 0.658200087802 0.702302087802 0.745936087802 0.790065087802 0.833708087802 0.877756087802 0.921444087802 0.965123087802 1","36368523.134312 36683785.766691 36249943.359464 36676217.765043 36242553.287879 36638424.547744 36286938.969905 36691356.892242 36198276.057103 36570592.672167 36645976.958842 36264732.547597 36638424.547744 36242553.287879 36563071.297989 36279533.807991 36668652.885365 36257336.445421 36661091.125725 36324010.170723 36623329.060612 36630875.248975 35782984.253737"
bothTestSameTim-3205-20221223-13:40:31-11120,vector,Throughput.destinationHost.app[0],throughput:vector,,,"0.044198135694 0.088426135694 0.132087135694 0.175856135694 0.220012135694 0.263673135694 0.307802135694 0.351445135694 0.395538135694 0.439235135694 0.483427135694 0.527160135694 0.571271135694 0.614959135694 0.658665135694 0.702821135694 0.746473135694 0.790656135694 0.834290135694 0.878455135694 0.922116135694 0.966254135694 1","36200621.923906 36176177.986796 36645976.958842 36555553.016975 36235166.228825 36645976.958842 36257336.445421 36661091.125725 36286938.969905 36615785.980731 36205648.081101 36585644.707658 36272131.667838 36623329.060612 36608246.007413 36235166.228825 36653532.484193 36213023.108435 36668652.885365 36227782.18046 36645976.958842 36249943.359464 36508177.382227"
bothTestSameTim-3250-20221223-13:40:51-7400,vector,Throughput.destinationHost.app[0],throughput:vector,,,"0.044435231478 0.088528231478 0.132198231478 0.176435231478 0.220150231478 0.264234231478 0.308003231478 0.352141231478 0.395892231478 0.440066231478 0.483718231478 0.527451231478 0.571544231478 0.615187231478 0.659325231478 0.703049231478 0.747088231478 0.790722231478 0.834851231478 0.878530231478 0.922704231478 0.966365231478 1","36007464.050056 36286938.969905 36638424.547744 36168817.957818 36600709.13874 36294347.155431 36555553.016975 36249943.359464 36570592.672167 36220401.140943 36653532.484193 36585644.707658 36286938.969905 36661091.125725 36249943.359464 36593175.372793 36331433.502123 36668652.885365 36257336.445421 36630875.248975 36220401.140943 36645976.958842 36153065.813568"
bothTestSameTim-3251-20221223-13:40:51-13632,vector,Throughput.destinationHost.app[0],throughput:vector,,,"0.044240183586 0.088414183586 0.132129183586 0.176222183586 0.219937183586 0.264093183586 0.307718183586 0.351406183586 0.395580183586 0.439187183586 0.483388183586 0.527013183586 0.571205183586 0.614812183586 0.658959183586 0.702683183586 0.746758183586 0.790455183586 0.834134183586 0.878299183586 0.921906183586 0.966089183586 1","36166215.198671 36220401.140943 36600709.13874 36286938.969905 36600709.13874 36235166.228825 36676217.765043 36623329.060612 36220401.140943 36691356.892242 36198276.057103 36676217.765043 36205648.081101 36691356.892242 36242553.287879 36593175.372793 36301758.366421 36615785.980731 36630875.248975 36227782.18046 36691356.892242 36213023.108435 36330590.952431"
bothTestSameTim-3252-20221223-13:40:52-13264,vector,Throughput.destinationHost.app[0],throughput:vector,,,"0.044102087802 0.087772087802 0.131865087802 0.175526087802 0.219592087802 0.263262087802 0.307454087802 0.351115087802 0.395325087802 0.439004087802 0.482710087802 0.526785087802 0.570392087802 0.614467087802 0.658209087802 0.702401087802 0.746062087802 0.790155087802 0.833852087802 0.877999087802 0.921696087802 0.965393087802 1","36279461.579763 36638424.547744 36286938.969905 36645976.958842 36309172.604729 36638424.547744 36205648.081101 36645976.958842 36190907.034608 36630875.248975 36608246.007413 36301758.366421 36691356.892242 36301758.366421 36578117.14142 36205648.081101 36645976.958842 36286938.969905 36615785.980731 36242553.287879 36615785.980731 36615785.980731 36062159.861582"
bothTestSameTim-3253-20221223-13:40:52-12060,vector,Throughput.destinationHost.app[0],throughput:vector,,,"0.044048087802 0.087808087802 0.131919087802 0.175598087802 0.219700087802 0.263370087802 0.307463087802 0.351187087802 0.395262087802 0.438977087802 0.482701087802 0.526803087802 0.570500087802 0.614575087802 0.658272087802 0.702455087802 0.746125087802 0.790290087802 0.833987087802 0.878107087802 0.921714087802 0.965402087802 1","36323937.765293 36563071.297989 36272131.667838 36630875.248975 36279533.807991 36638424.547744 36286938.969905 36593175.372793 36301758.366421 36600709.13874 36593175.372793 36279533.807991 36615785.980731 36301758.366421 36615785.980731 36213023.108435 36638424.547744 36227782.18046 36615785.980731 36264732.547597 36691356.892242 36623329.060612 36071540.758235"
bothTestSameTim-3254-20221223-13:40:53-18472,vector,Throughput.destinationHost.app[0],throughput:vector,,,"0.045236375154 0.088933375154 0.132972375154 0.176597375154 0.220699375154 0.264378375154 0.308498375154 0.352168375154 0.396252375154 0.439940375154 0.484141375154 0.527784375154 0.571526375154 0.615745375154 0.659379375154 0.703508375154 0.747196375154 0.791424375154 0.835058375154 0.879250375154 0.922875375154 0.967031375154 1","35369765.914113 36615785.980731 36331433.502123 36676217.765043 36279533.807991 36630875.248975 36264732.547597 36638424.547744 36294347.155431 36623329.060612 36198276.057103 36661091.125725 36578117.14142 36183541.011782 36668652.885365 36257336.445421 36623329.060612 36176177.986796 36668652.885365 36205648.081101 36676217.765043 36235166.228825 36398242.438237"
bothTestSameTim-3255-20221223-13:40:53-10848,vector,Throughput.destinationHost.app[0],throughput:vector,,,"0.044171135694 0.088381135694 0.132024135694 0.175703135694 0.219796135694 0.263457135694 0.307559135694 0.351202135694 0.395385135694 0.439064135694 0.483130135694 0.526764135694 0.570821135694 0.614437135694 0.658143135694 0.702227135694 0.745834135694 0.789927135694 0.833615135694 0.877780135694 0.921459135694 0.965633135694 1","36222749.876394 36190907.034608 36661091.125725 36630875.248975 36286938.969905 36645976.958842 36279533.807991 36661091.125725 36213023.108435 36630875.248975 36309172.604729 36668652.885365 36316589.872211 36683785.766691 36608246.007413 36294347.155431 36691356.892242 36286938.969905 36623329.060612 36227782.18046 36630875.248975 36220401.140943 36314049.163401"
bothTestSameTim-3256-20221223-13:40:54-16040,vector,Throughput.destinationHost.app[0],throughput:vector,,,"0.044102087802 0.087763087802 0.131928087802 0.175625087802 0.219727087802 0.263352087802 0.307481087802 0.351142087802 0.395217087802 0.438896087802 0.482593087802 0.526749087802 0.570500087802 0.614602087802 0.658245087802 0.702428087802 0.746179087802 0.790263087802 0.833933087802 0.878080087802 0.921723087802 0.965375087802 1","36279461.579763 36645976.958842 36227782.18046 36615785.980731 36279533.807991 36676217.765043 36257336.445421 36645976.958842 36301758.366421 36630875.248975 36615785.980731 36235166.228825 36570592.672167 36279533.807991 36661091.125725 36213023.108435 36570592.672167 36294347.155431 36638424.547744 36242553.287879 36661091.125725 36653532.484193 36043412.698447"
bothTestSameTim-3257-20221223-13:40:54-17864,vector,Throughput.destinationHost.app[0],throughput:vector,,,"0.044222183586 0.088459183586 0.132156183586 0.176321183586 0.220099183586 0.264219183586 0.307889183586 0.351604183586 0.395769183586 0.439448183586 0.483577183586 0.527310183586 0.571439183586 0.615136183586 0.659238183586 0.702890183586 0.746965183586 0.790680183586 0.834422183586 0.878569183586 0.922257183586 0.966404183586 1","36180936.133297 36168817.957818 36615785.980731 36227782.18046 36548037.827219 36264732.547597 36638424.547744 36600709.13874 36227782.18046 36630875.248975 36257336.445421 36585644.707658 36257336.445421 36615785.980731 36279533.807991 36653532.484193 36301758.366421 36600709.13874 36578117.14142 36242553.287879 36623329.060612 36242553.287879 36194982.881656"
bothTestSameTim-3258-20221223-13:40:54-5500,vector,Throughput.destinationHost.app[0],throughput:vector,,,"0.044189135694 0.088381135694 0.132096135694 0.175766135694 0.219886135694 0.263583135694 0.307775135694 0.351418135694 0.395538135694 0.439253135694 0.483409135694 0.527124135694 0.571208135694 0.614932135694 0.658584135694 0.702767135694 0.746446135694 0.790602135694 0.834308135694 0.878473135694 0.922071135694 0.966191135694 1","36207994.903536 36205648.081101 36600709.13874 36638424.547744 36264732.547597 36615785.980731 36205648.081101 36661091.125725 36264732.547597 36600709.13874 36235166.228825 36600709.13874 36294347.155431 36593175.372793 36653532.484193 36213023.108435 36630875.248975 36235166.228825 36608246.007413 36227782.18046 36698931.14363 36264732.547597 36440147.43735"
bothTestSameTim-3259-20221223-13:40:54-1384,vector,Throughput.destinationHost.app[0],throughput:vector,,,"0.044207135694 0.088345135694 0.131961135694 0.175568135694 0.219733135694 0.263421135694 0.307559135694 0.351220135694 0.395385135694 0.439073135694 0.483184135694 0.526827135694 0.570947135694 0.614689135694 0.658404135694 0.702551135694 0.746239135694 0.790359135694 0.834155135694 0.878203135694 0.921900135694 0.966065135694 1","36193251.946363 36249943.359464 36683785.766691 36691356.892242 36227782.18046 36623329.060612 36249943.359464 36645976.958842 36227782.18046 36623329.060612 36272131.667838 36661091.125725 36264732.547597 36578117.14142 36600709.13874 36242553.287879 36623329.060612 36264732.547597 36533016.713855 36324010.170723 36615785.980731 36227782.18046 36304845.332243"
bothTestSameTim-3206-20221223-13:40:32-2620,vector,Throughput.destinationHost.app[0],throughput:vector,,,"0.044321183586 0.088459183586 0.132093183586 0.176177183586 0.219838183586 0.263922183586 0.307529183586 0.351145183586 0.395328183586 0.439007183586 0.483154183586 0.526824183586 0.570989183586 0.614650183586 0.658815183586 0.702476183586 0.746641183586 0.790320183586 0.834017183586 0.878173183586 0.921852183586 0.966026183586 1","36100118.962198 36249943.359464 36668652.885365 36294347.155431 36645976.958842 36294347.155431 36691356.892242 36683785.766691 36213023.108435 36630875.248975 36242553.287879 36638424.547744 36227782.18046 36645976.958842 36227782.18046 36645976.958842 36227782.18046 36630875.248975 36615785.980731 36235166.228825 36630875.248975 36220401.140943 36263220.622229"
bothTestSameTim-3260-20221223-13:40:55-12360,vector,Throughput.destinationHost.app[0],throughput:vector,,,"0.044120087802 0.087790087802 0.131883087802 0.175517087802 0.219637087802 0.263289087802 0.307454087802 0.351187087802 0.395361087802 0.439076087802 0.482728087802 0.526785087802 0.570401087802 0.614557087802 0.658200087802 0.702338087802 0.746035087802 0.790200087802 0.833843087802 0.877963087802 0.921597087802 0.965384087802 1","36264660.378293 36638424.547744 36286938.969905 36668652.885365 36264732.547597 36653532.484193 36227782.18046 36585644.707658 36220401.140943 36600709.13874 36653532.484193 36316589.872211 36683785.766691 36235166.228825 36661091.125725 36249943.359464 36615785.980731 36227782.18046 36661091.125725 36264732.547597 36668652.885365 36540525.726814 36052783.84292"
bothTestSameTim-3261-20221223-13:40:56-14276,vector,Throughput.destinationHost.app[0],throughput:vector,,,"0.044075087802 0.087718087802 0.131910087802 0.175544087802 0.219610087802 0.263289087802 0.307472087802 0.351142087802 0.395352087802 0.439040087802 0.482701087802 0.526848087802 0.570473087802 0.614620087802 0.658326087802 0.702464087802 0.746125087802 0.790227087802 0.833888087802 0.877990087802 0.921651087802 0.965348087802 1","36301686.049674 36661091.125725 36205648.081101 36668652.885365 36309172.604729 36630875.248975 36213023.108435 36638424.547744 36190907.034608 36623329.060612 36645976.958842 36242553.287879 36676217.765043 36242553.287879 36608246.007413 36249943.359464 36645976.958842 36279533.807991 36645976.958842 36279533.807991 36645976.958842 36615785.980731 36015328.472177"
bothTestSameTim-3262-20221223-13:40:56-9016,vector,Throughput.destinationHost.app[0],throughput:vector,,,"0.044261135694 0.088417135694 0.132159135694 0.175829135694 0.219931135694 0.263637135694 0.307685135694 0.351400135694 0.395520135694 0.439307135694 0.483400135694 0.527115135694 0.571307135694 0.614923135694 0.658548135694 0.702704135694 0.746374135694 0.790494135694 0.834146135694 0.878293135694 0.921945135694 0.966119135694 1","36149095.022361 36235166.228825 36578117.14142 36638424.547744 36279533.807991 36608246.007413 36324010.170723 36600709.13874 36264732.547597 36540525.726814 36286938.969905 36600709.13874 36205648.081101 36683785.766691 36676217.765043 36235166.228825 36638424.547744 36264732.547597 36653532.484193 36242553.287879 36653532.484193 36220401.140943 36362708.721744"
bothTestSameTim-3263-20221223-13:40:57-456,vector,Throughput.destinationHost.app[0],throughput:vector,,,"0.043985087802 0.087637087802 0.131820087802 0.175580087802 0.219718087802 0.263442087802 0.307598087802 0.351313087802 0.395478087802 0.439166087802 0.482863087802 0.527019087802 0.570716087802 0.614809087802 0.658407087802 0.702563087802 0.746278087802 0.790434087802 0.834122087802 0.878260087802 0.921930087802 0.965582087802 1","36375964.672446 36653532.484193 36213023.108435 36563071.297989 36249943.359464 36593175.372793 36235166.228825 36600709.13874 36227782.18046 36623329.060612 36615785.980731 36235166.228825 36615785.980731 36286938.969905 36698931.14363 36235166.228825 36600709.13874 36235166.228825 36623329.060612 36249943.359464 36638424.547744 36653532.484193 36260188.962668"
bothTestSameTim-3264-20221223-13:40:57-5828,vector,Throughput.destinationHost.app[0],throughput:vector,,,"0.044321183586 0.088396183586 0.132102183586 0.176294183586 0.219937183586 0.264156183586 0.307889183586 0.351550183586 0.395661183586 0.439358183586 0.483505183586 0.527157183586 0.571268183586 0.614938183586 0.659058183586 0.702881183586 0.747046183586 0.790734183586 0.834395183586 0.878542183586 0.922212183586 0.966341183586 1","36100118.962198 36301758.366421 36608246.007413 36205648.081101 36661091.125725 36183541.011782 36585644.707658 36645976.958842 36272131.667838 36615785.980731 36242553.287879 36653532.484193 36272131.667838 36638424.547744 36264732.547597 36510508.180636 36227782.18046 36623329.060612 36645976.958842 36242553.287879 36638424.547744 36257336.445421 36127235.879103"
bothTestSameTim-3265-20221223-13:40:57-15944,vector,Throughput.destinationHost.app[0],throughput:vector,,,"0.044312183586 0.088441183586 0.132129183586 0.176186183586 0.219865183586 0.263967183586 0.307664183586 0.351280183586 0.395418183586 0.439088183586 0.483253183586 0.526941183586 0.571025183586 0.614677183586 0.658869183586 0.702584183586 0.746749183586 0.790437183586 0.834116183586 0.878254183586 0.921951183586 0.966062183586 1","36107451.055639 36257336.445421 36623329.060612 36316589.872211 36630875.248975 36279533.807991 36615785.980731 36683785.766691 36249943.359464 36638424.547744 36227782.18046 36623329.060612 36294347.155431 36653532.484193 36205648.081101 36600709.13874 36227782.18046 36623329.060612 36630875.248975 36249943.359464 36615785.980731 36272131.667838 36301687.326347"
bothTestSameTim-3266-20221223-13:40:58-6664,vector,Throughput.destinationHost.app[0],throughput:vector,,,"0.045290375154 0.088987375154 0.133161375154 0.176750375154 0.220960375154 0.264585375154 0.308714375154 0.352411375154 0.396621375154 0.440291375154 0.484447375154 0.528189375154 0.571877375154 0.615979375154 0.659649375154 0.703733375154 0.747466375154 0.791586375154 0.835328375154 0.879502375154 0.923181375154 0.967364375154 1","35327594.319092 36615785.980731 36220401.140943 36706508.522792 36190907.034608 36676217.765043 36257336.445421 36615785.980731 36190907.034608 36638424.547744 36235166.228825 36578117.14142 36623329.060612 36279533.807991 36638424.547744 36294347.155431 36585644.707658 36264732.547597 36578117.14142 36220401.140943 36630875.248975 36213023.108435 36279372.789307"
bothTestSameTim-3267-20221223-13:40:59-1388,vector,Throughput.destinationHost.app[0],throughput:vector,,,"0.044066087802 0.087700087802 0.131829087802 0.175436087802 0.219538087802 0.263145087802 0.307301087802 0.351016087802 0.395163087802 0.438815087802 0.482458087802 0.526641087802 0.570221087802 0.614368087802 0.658074087802 0.702149087802 0.745873087802 0.790020087802 0.833762087802 0.877873087802 0.921525087802 0.965195087802 1","36309100.258439 36668652.885365 36257336.445421 36691356.892242 36279533.807991 36691356.892242 36235166.228825 36600709.13874 36242553.287879 36653532.484193 36661091.125725 36213023.108435 36714089.031666 36242553.287879 36608246.007413 36301758.366421 36593175.372793 36242553.287879 36578117.14142 36272131.667838 36653532.484193 36638424.547744 35857007.565493"
bothTestSameTim-3268-20221223-13:40:59-18620,vector,Throughput.destinationHost.app[0],throughput:vector,,,"0.04501727937 0.08868727937 0.13277127937 0.17636027937 0.22007527937 0.26413227937 0.30781127937 0.35191327937 0.39559227937 0.43979327937 0.48345427937 0.52761927937 0.57133427937 0.61549927937 0.65921427937 0.70286627937 0.74708527937 0.79075527937 0.83487527937 0.87856327937 0.92277327937 0.96648827937 1","35541907.960485 36638424.547744 36294347.155431 36706508.522792 36600709.13874 36316589.872211 36630875.248975 36279533.807991 36630875.248975 36198276.057103 36645976.958842 36227782.18046 36600709.13874 36227782.18046 36600709.13874 36653532.484193 36183541.011782 36638424.547744 36264732.547597 36623329.060612 36190907.034608 36600709.13874 35808367.264967"
bothTestSameTim-3269-20221223-13:40:59-16564,vector,Throughput.destinationHost.app[0],throughput:vector,,,"0.044240183586 0.088378183586 0.132048183586 0.176204183586 0.219829183586 0.264075183586 0.307718183586 0.351460183586 0.395571183586 0.439340183586 0.483442183586 0.527085183586 0.571187183586 0.614785183586 0.658896183586 0.702539183586 0.746695183586 0.790446183586 0.834125183586 0.878272183586 0.921888183586 0.965999183586 1","36166215.198671 36249943.359464 36638424.547744 36235166.228825 36676217.765043 36161460.923021 36661091.125725 36578117.14142 36272131.667838 36555553.016975 36279533.807991 36661091.125725 36279533.807991 36698931.14363 36272131.667838 36661091.125725 36235166.228825 36570592.672167 36630875.248975 36242553.287879 36683785.766691 36272131.667838 36234424.050262"
bothTestSameTim-3207-20221223-13:40:32-5708,vector,Throughput.destinationHost.app[0],throughput:vector,,,"0.044102087802 0.087808087802 0.131937087802 0.175634087802 0.219772087802 0.263496087802 0.307796087802 0.351430087802 0.395604087802 0.439229087802 0.482863087802 0.527019087802 0.570671087802 0.614827087802 0.658515087802 0.702635087802 0.746269087802 0.790443087802 0.834131087802 0.878224087802 0.921849087802 0.965573087802 1","36279461.579763 36608246.007413 36257336.445421 36615785.980731 36249943.359464 36593175.372793 36117381.489842 36668652.885365 36220401.140943 36676217.765043 36668652.885365 36235166.228825 36653532.484193 36235166.228825 36623329.060612 36264732.547597 36668652.885365 36220401.140943 36623329.060612 36286938.969905 36676217.765043 36593175.372793 36250709.701246"
bothTestSameTim-3270-20221223-13:41:00-16416,vector,Throughput.destinationHost.app[0],throughput:vector,,,"0.044066087802 0.087808087802 0.131964087802 0.175733087802 0.219889087802 0.263523087802 0.307661087802 0.351331087802 0.395460087802 0.439085087802 0.482737087802 0.526785087802 0.570446087802 0.614503087802 0.658173087802 0.702248087802 0.745918087802 0.790092087802 0.833789087802 0.877864087802 0.921543087802 0.965249087802 1","36309100.258439 36578117.14142 36235166.228825 36555553.016975 36235166.228825 36668652.885365 36249943.359464 36638424.547744 36257336.445421 36676217.765043 36653532.484193 36324010.170723 36645976.958842 36316589.872211 36638424.547744 36301758.366421 36638424.547744 36220401.140943 36615785.980731 36301758.366421 36630875.248975 36608246.007413 35912726.34483"
bothTestSameTim-3271-20221223-13:41:00-5100,vector,Throughput.destinationHost.app[0],throughput:vector,,,"0.044144135694 0.088336135694 0.131925135694 0.175586135694 0.219688135694 0.263385135694 0.307469135694 0.351094135694 0.395151135694 0.438839135694 0.482968135694 0.526593135694 0.570695135694 0.614374135694 0.657990135694 0.702083135694 0.745735135694 0.789864135694 0.833498135694 0.877609135694 0.921216135694 0.965354135694 1","36244904.897243 36205648.081101 36706508.522792 36645976.958842 36279533.807991 36615785.980731 36294347.155431 36676217.765043 36316589.872211 36623329.060612 36257336.445421 36676217.765043 36279533.807991 36630875.248975 36683785.766691 36286938.969905 36653532.484193 36257336.445421 36668652.885365 36272131.667838 36691356.892242 36249943.359464 36483431.004523"
bothTestSameTim-3272-20221223-13:41:00-12584,vector,Throughput.destinationHost.app[0],throughput:vector,,,"0.044417231478 0.088564231478 0.132279231478 0.176408231478 0.220105231478 0.264243231478 0.307967231478 0.352123231478 0.395847231478 0.439994231478 0.483700231478 0.527307231478 0.571598231478 0.615286231478 0.659496231478 0.703139231478 0.747304231478 0.791001231478 0.835139231478 0.878800231478 0.922884231478 0.966518231478 1","36022056.007531 36242553.287879 36600709.13874 36257336.445421 36615785.980731 36249943.359464 36593175.372793 36235166.228825 36593175.372793 36242553.287879 36608246.007413 36691356.892242 36124720.597864 36623329.060612 36190907.034608 36661091.125725 36227782.18046 36615785.980731 36249943.359464 36645976.958842 36294347.155431 36668652.885365 35840400.700803"
bothTestSameTim-3273-20221223-13:41:02-11360,vector,Throughput.destinationHost.app[0],throughput:vector,,,"0.044252135694 0.088390135694 0.132060135694 0.175667135694 0.219751135694 0.263376135694 0.307478135694 0.351085135694 0.395178135694 0.438884135694 0.482977135694 0.526629135694 0.570794135694 0.614500135694 0.658170135694 0.702362135694 0.745960135694 0.790062135694 0.833786135694 0.877915135694 0.921522135694 0.965669135694 1","36156447.025831 36249943.359464 36638424.547744 36691356.892242 36294347.155431 36676217.765043 36279533.807991 36691356.892242 36286938.969905 36608246.007413 36286938.969905 36653532.484193 36227782.18046 36608246.007413 36638424.547744 36205648.081101 36698931.14363 36279533.807991 36593175.372793 36257336.445421 36691356.892242 36242553.287879 36352128.768919"
bothTestSameTim-3274-20221223-13:41:02-4556,vector,Throughput.destinationHost.app[0],throughput:vector,,,"0.044171135694 0.088282135694 0.131979135694 0.175640135694 0.219796135694 0.263457135694 0.307667135694 0.351301135694 0.395367135694 0.439064135694 0.483166135694 0.526872135694 0.570956135694 0.614608135694 0.658260135694 0.702398135694 0.746023135694 0.790170135694 0.833822135694 0.878032135694 0.921774135694 0.965957135694 1","36222749.876394 36272131.667838 36615785.980731 36645976.958842 36235166.228825 36645976.958842 36190907.034608 36668652.885365 36309172.604729 36615785.980731 36279533.807991 36608246.007413 36294347.155431 36653532.484193 36653532.484193 36249943.359464 36676217.765043 36242553.287879 36653532.484193 36190907.034608 36578117.14142 36213023.108435 36189669.26302"
bothTestSameTim-3275-20221223-13:41:02-4884,vector,Throughput.destinationHost.app[0],throughput:vector,,,"0.044054135694 0.088201135694 0.131817135694 0.175478135694 0.219553135694 0.263187135694 0.307262135694 0.350941135694 0.395007135694 0.438659135694 0.482761135694 0.526377135694 0.570569135694 0.614302135694 0.657954135694 0.702137135694 0.745780135694 0.789855135694 0.833570135694 0.877636135694 0.921252135694 0.965426135694 1","36318951.099474 36242553.287879 36683785.766691 36645976.958842 36301758.366421 36668652.885365 36301758.366421 36630875.248975 36309172.604729 36653532.484193 36279533.807991 36683785.766691 36205648.081101 36585644.707658 36653532.484193 36213023.108435 36661091.125725 36301758.366421 36600709.13874 36309172.604729 36683785.766691 36220401.140943 36096630.360854"
bothTestSameTim-3276-20221223-13:41:02-6052,vector,Throughput.destinationHost.app[0],throughput:vector,,,"0.044066087802 0.087727087802 0.131811087802 0.175508087802 0.219601087802 0.263280087802 0.307400087802 0.351205087802 0.395352087802 0.439031087802 0.482710087802 0.526866087802 0.570599087802 0.614719087802 0.658506087802 0.702554087802 0.746242087802 0.790398087802 0.834023087802 0.878161087802 0.921804087802 0.965483087802 1","36309100.258439 36645976.958842 36294347.155431 36615785.980731 36286938.969905 36630875.248975 36264732.547597 36525510.78644 36242553.287879 36630875.248975 36630875.248975 36235166.228825 36585644.707658 36264732.547597 36540525.726814 36324010.170723 36623329.060612 36235166.228825 36676217.765043 36249943.359464 36661091.125725 36630875.248975 36156188.967341"
bothTestSameTim-3277-20221223-13:41:03-7080,vector,Throughput.destinationHost.app[0],throughput:vector,,,"0.044021087802 0.087646087802 0.131748087802 0.175427087802 0.219565087802 0.263217087802 0.307391087802 0.351088087802 0.395235087802 0.438896087802 0.482566087802 0.526749087802 0.570464087802 0.614530087802 0.658173087802 0.702302087802 0.745999087802 0.790074087802 0.833708087802 0.877837087802 0.921561087802 0.965285087802 1","36346216.776754 36676217.765043 36279533.807991 36630875.248975 36249943.359464 36653532.484193 36220401.140943 36615785.980731 36242553.287879 36645976.958842 36638424.547744 36213023.108435 36600709.13874 36309172.604729 36661091.125725 36257336.445421 36615785.980731 36301758.366421 36668652.885365 36257336.445421 36593175.372793 36593175.372793 35949968.500047"
bothTestSameTim-3278-20221223-13:41:04-16980,vector,Throughput.destinationHost.app[0],throughput:vector,,,"0.044330183586 0.088450183586 0.132093183586 0.176249183586 0.219856183586 0.263931183586 0.307547183586 0.351109183586 0.395265183586 0.438989183586 0.483082183586 0.526689183586 0.570836183586 0.614515183586 0.658707183586 0.702404183586 0.746497183586 0.790167183586 0.833846183586 0.877966183586 0.921663183586 0.965810183586 1","36092789.845908 36264732.547597 36661091.125725 36235166.228825 36691356.892242 36301758.366421 36683785.766691 36729259.446306 36235166.228825 36593175.372793 36286938.969905 36691356.892242 36242553.287879 36630875.248975 36205648.081101 36615785.980731 36286938.969905 36638424.547744 36630875.248975 36264732.547597 36615785.980731 36242553.287879 36034121.537299"
bothTestSameTim-3279-20221223-13:41:04-19236,vector,Throughput.destinationHost.app[0],throughput:vector,,,"0.044048087802 0.087709087802 0.131739087802 0.175454087802 0.219655087802 0.263316087802 0.307409087802 0.351043087802 0.395145087802 0.438878087802 0.482530087802 0.526713087802 0.570338087802 0.614458087802 0.658164087802 0.702338087802 0.746026087802 0.790182087802 0.833870087802 0.878026087802 0.921714087802 0.965366087802 1","36323937.765293 36645976.958842 36338859.868272 36600709.13874 36198276.057103 36645976.958842 36286938.969905 36668652.885365 36279533.807991 36585644.707658 36653532.484193 36213023.108435 36676217.765043 36264732.547597 36608246.007413 36220401.140943 36623329.060612 36235166.228825 36623329.060612 36235166.228825 36623329.060612 36653532.484193 36034046.424362"
bothTestSameTim-3208-20221223-13:40:33-14044,vector,Throughput.destinationHost.app[0],throughput:vector,,,"0.043994087802 0.087646087802 0.131685087802 0.175283087802 0.219412087802 0.263100087802 0.307247087802 0.350908087802 0.395010087802 0.438689087802 0.482305087802 0.526407087802 0.569987087802 0.614044087802 0.657696087802 0.701825087802 0.745531087802 0.789678087802 0.833339087802 0.877513087802 0.921183087802 0.964862087802 1","36368523.134312 36653532.484193 36331433.502123 36698931.14363 36257336.445421 36623329.060612 36242553.287879 36645976.958842 36279533.807991 36630875.248975 36683785.766691 36279533.807991 36714089.031666 36316589.872211 36653532.484193 36257336.445421 36608246.007413 36242553.287879 36645976.958842 36220401.140943 36638424.547744 36630875.248975 35972541.364366"
bothTestSameTim-3280-20221223-13:41:05-11384,vector,Throughput.destinationHost.app[0],throughput:vector,,,"0.044435231478 0.088564231478 0.132171231478 0.176381231478 0.220069231478 0.264126231478 0.307778231478 0.351871231478 0.395451231478 0.439526231478 0.483232231478 0.526866231478 0.571103231478 0.614809231478 0.658992231478 0.702644231478 0.746791231478 0.790488231478 0.834635231478 0.878260231478 0.922407231478 0.966140231478 1","36007464.050056 36257336.445421 36691356.892242 36190907.034608 36623329.060612 36316589.872211 36653532.484193 36286938.969905 36714089.031666 36301758.366421 36608246.007413 36668652.885365 36168817.957818 36608246.007413 36213023.108435 36653532.484193 36242553.287879 36615785.980731 36242553.287879 36676217.765043 36242553.287879 36585644.707658 35912826.728568"
bothTestSameTim-3281-20221223-13:41:05-7564,vector,Throughput.destinationHost.app[0],throughput:vector,,,"0.044138087802 0.087790087802 0.131874087802 0.175616087802 0.219718087802 0.263388087802 0.307517087802 0.351214087802 0.395271087802 0.438914087802 0.482539087802 0.526632087802 0.570365087802 0.614503087802 0.658137087802 0.702320087802 0.746044087802 0.790155087802 0.833843087802 0.877999087802 0.921651087802 0.965330087802 1","36249871.24901 36653532.484193 36294347.155431 36578117.14142 36279533.807991 36638424.547744 36257336.445421 36615785.980731 36316589.872211 36661091.125725 36676217.765043 36286938.969905 36585644.707658 36249943.359464 36668652.885365 36213023.108435 36593175.372793 36272131.667838 36623329.060612 36235166.228825 36653532.484193 36630875.248975 35996629.956046"
bothTestSameTim-3282-20221223-13:41:05-6552,vector,Throughput.destinationHost.app[0],throughput:vector,,,"0.044171135694 0.088345135694 0.131880135694 0.175577135694 0.219805135694 0.263457135694 0.307550135694 0.351157135694 0.395268135694 0.438920135694 0.483076135694 0.526701135694 0.570812135694 0.614473135694 0.658224135694 0.702290135694 0.745906135694 0.790035135694 0.833651135694 0.877834135694 0.921486135694 0.965633135694 1","36222749.876394 36220401.140943 36752038.589641 36615785.980731 36176177.986796 36653532.484193 36286938.969905 36691356.892242 36272131.667838 36653532.484193 36235166.228825 36676217.765043 36272131.667838 36645976.958842 36570592.672167 36309172.604729 36683785.766691 36257336.445421 36683785.766691 36213023.108435 36653532.484193 36242553.287879 36314049.163401"
bothTestSameTim-3283-20221223-13:41:05-12660,vector,Throughput.destinationHost.app[0],throughput:vector,,,"0.044462231478 0.088591231478 0.132288231478 0.176435231478 0.220087231478 0.264171231478 0.307769231478 0.351844231478 0.395541231478 0.439652231478 0.483268231478 0.526992231478 0.571085231478 0.614737231478 0.658857231478 0.702509231478 0.746692231478 0.790335231478 0.834527231478 0.878215231478 0.922371231478 0.966032231478 1","35985598.266513 36257336.445421 36615785.980731 36242553.287879 36653532.484193 36294347.155431 36698931.14363 36301758.366421 36615785.980731 36272131.667838 36683785.766691 36593175.372793 36286938.969905 36653532.484193 36264732.547597 36653532.484193 36213023.108435 36661091.125725 36205648.081101 36623329.060612 36235166.228825 36645976.958842 36269677.2148"
bothTestSameTim-3284-20221223-13:41:06-6348,vector,Throughput.destinationHost.app[0],throughput:vector,,,"0.044048087802 0.087691087802 0.131811087802 0.175481087802 0.219610087802 0.263298087802 0.307454087802 0.351196087802 0.395262087802 0.438950087802 0.482602087802 0.526722087802 0.570356087802 0.614449087802 0.658101087802 0.702185087802 0.745909087802 0.789993087802 0.833654087802 0.877828087802 0.921543087802 0.965285087802 1","36323937.765293 36661091.125725 36264732.547597 36638424.547744 36257336.445421 36623329.060612 36235166.228825 36578117.14142 36309172.604729 36623329.060612 36653532.484193 36264732.547597 36668652.885365 36286938.969905 36653532.484193 36294347.155431 36593175.372793 36294347.155431 36645976.958842 36220401.140943 36600709.13874 36578117.14142 35949968.500047"
bothTestSameTim-3285-20221223-13:41:07-15560,vector,Throughput.destinationHost.app[0],throughput:vector,,,"0.044180135694 0.088264135694 0.131898135694 0.175559135694 0.219715135694 0.263340135694 0.307424135694 0.351076135694 0.395160135694 0.438803135694 0.482914135694 0.526584135694 0.570713135694 0.614428135694 0.658125135694 0.702227135694 0.745924135694 0.790080135694 0.833795135694 0.877987135694 0.921621135694 0.965777135694 1","36215370.887086 36294347.155431 36668652.885365 36645976.958842 36235166.228825 36676217.765043 36294347.155431 36653532.484193 36294347.155431 36661091.125725 36272131.667838 36638424.547744 36257336.445421 36600709.13874 36615785.980731 36279533.807991 36615785.980731 36235166.228825 36600709.13874 36205648.081101 36668652.885365 36235166.228825 35999324.573893"
bothTestSameTim-3286-20221223-13:41:07-8548,vector,Throughput.destinationHost.app[0],throughput:vector,,,"0.044180135694 0.088327135694 0.132033135694 0.175739135694 0.219859135694 0.263547135694 0.307712135694 0.351427135694 0.395637135694 0.439307135694 0.483355135694 0.527034135694 0.571163135694 0.614860135694 0.658530135694 0.702560135694 0.746230135694 0.790350135694 0.833984135694 0.878122135694 0.921765135694 0.965948135694 1","36215370.887086 36242553.287879 36608246.007413 36608246.007413 36264732.547597 36623329.060612 36227782.18046 36600709.13874 36190907.034608 36638424.547744 36324010.170723 36630875.248975 36257336.445421 36615785.980731 36638424.547744 36338859.868272 36638424.547744 36264732.547597 36668652.885365 36249943.359464 36661091.125725 36213023.108435 36180104.235377"
bothTestSameTim-3287-20221223-13:41:08-15520,vector,Throughput.destinationHost.app[0],throughput:vector,,,"0.044012087802 0.087709087802 0.131883087802 0.175517087802 0.219718087802 0.263370087802 0.307445087802 0.351178087802 0.395397087802 0.439058087802 0.482701087802 0.526830087802 0.570473087802 0.614647087802 0.658317087802 0.702455087802 0.746188087802 0.790344087802 0.834005087802 0.878143087802 0.921768087802 0.965438087802 1","36353649.188333 36615785.980731 36220401.140943 36668652.885365 36198276.057103 36653532.484193 36301758.366421 36585644.707658 36183541.011782 36645976.958842 36661091.125725 36257336.445421 36661091.125725 36220401.140943 36638424.547744 36249943.359464 36585644.707658 36235166.228825 36645976.958842 36249943.359464 36676217.765043 36638424.547744 36109113.200983"
bothTestSameTim-3288-20221223-13:41:08-15460,vector,Throughput.destinationHost.app[0],throughput:vector,,,"0.044066087802 0.087817087802 0.131937087802 0.175652087802 0.219736087802 0.263370087802 0.307562087802 0.351250087802 0.395316087802 0.438968087802 0.482575087802 0.526803087802 0.570401087802 0.614629087802 0.658371087802 0.702527087802 0.746206087802 0.790308087802 0.833942087802 0.878089087802 0.921750087802 0.965366087802 1","36309100.258439 36570592.672167 36264732.547597 36600709.13874 36294347.155431 36668652.885365 36205648.081101 36623329.060612 36309172.604729 36653532.484193 36691356.892242 36176177.986796 36698931.14363 36176177.986796 36578117.14142 36235166.228825 36630875.248975 36279533.807991 36668652.885365 36242553.287879 36645976.958842 36683785.766691 36034046.424362"
bothTestSameTim-3289-20221223-13:41:08-12120,vector,Throughput.destinationHost.app[0],throughput:vector,,,"0.044243135694 0.088408135694 0.132015135694 0.175685135694 0.219814135694 0.263529135694 0.307712135694 0.351373135694 0.395457135694 0.439136135694 0.483346135694 0.526989135694 0.571109135694 0.614770135694 0.658440135694 0.702569135694 0.746266135694 0.790395135694 0.834047135694 0.878194135694 0.921864135694 0.966038135694 1","36163802.020411 36227782.18046 36691356.892242 36638424.547744 36257336.445421 36600709.13874 36213023.108435 36645976.958842 36294347.155431 36630875.248975 36190907.034608 36661091.125725 36264732.547597 36645976.958842 36638424.547744 36257336.445421 36615785.980731 36257336.445421 36653532.484193 36242553.287879 36638424.547744 36220401.140943 36275982.640398"
bothTestSameTim-3209-20221223-13:40:33-2828,vector,Throughput.destinationHost.app[0],throughput:vector,,,"0.044057087802 0.087727087802 0.131919087802 0.175562087802 0.219673087802 0.263343087802 0.307454087802 0.351124087802 0.395244087802 0.438833087802 0.482503087802 0.526677087802 0.570374087802 0.614449087802 0.658101087802 0.702248087802 0.745900087802 0.790074087802 0.833798087802 0.878026087802 0.921723087802 0.965420087802 1","36316517.49636 36638424.547744 36205648.081101 36661091.125725 36272131.667838 36638424.547744 36272131.667838 36638424.547744 36264732.547597 36706508.522792 36638424.547744 36220401.140943 36615785.980731 36301758.366421 36653532.484193 36242553.287879 36653532.484193 36220401.140943 36593175.372793 36176177.986796 36615785.980731 36615785.980731 36090317.200753"
bothTestSameTim-3290-20221223-13:41:10-16720,vector,Throughput.destinationHost.app[0],throughput:vector,,,"0.044012087802 0.087682087802 0.131739087802 0.175355087802 0.219457087802 0.263073087802 0.307274087802 0.350980087802 0.395154087802 0.438851087802 0.482485087802 0.526596087802 0.570266087802 0.614377087802 0.658083087802 0.702338087802 0.746053087802 0.790209087802 0.833915087802 0.878044087802 0.921714087802 0.965393087802 1","36353649.188333 36638424.547744 36316589.872211 36683785.766691 36279533.807991 36683785.766691 36198276.057103 36608246.007413 36220401.140943 36615785.980731 36668652.885365 36272131.667838 36638424.547744 36272131.667838 36608246.007413 36154106.880578 36600709.13874 36235166.228825 36608246.007413 36257336.445421 36638424.547744 36630875.248975 36062159.861582"
bothTestSameTim-3291-20221223-13:41:10-18088,vector,Throughput.destinationHost.app[0],throughput:vector,,,"0.044408231478 0.088537231478 0.132198231478 0.176336231478 0.220033231478 0.264135231478 0.307841231478 0.352024231478 0.395649231478 0.439751231478 0.483367231478 0.527028231478 0.571112231478 0.614791231478 0.658911231478 0.702581231478 0.746746231478 0.790461231478 0.834581231478 0.878368231478 0.922362231478 0.966041231478 1","36029356.42219 36257336.445421 36645976.958842 36249943.359464 36615785.980731 36279533.807991 36608246.007413 36213023.108435 36676217.765043 36279533.807991 36683785.766691 36645976.958842 36294347.155431 36630875.248975 36264732.547597 36638424.547744 36227782.18046 36600709.13874 36264732.547597 36540525.726814 36368595.717598 36630875.248975 36279289.668642"
bothTestSameTim-3292-20221223-13:41:11-17556,vector,Throughput.destinationHost.app[0],throughput:vector,,,"0.044243135694 0.088390135694 0.131997135694 0.175649135694 0.219805135694 0.263484135694 0.307550135694 0.351238135694 0.395349135694 0.438992135694 0.483175135694 0.526881135694 0.571055135694 0.614725135694 0.658431135694 0.702497135694 0.746167135694 0.790341135694 0.834029135694 0.878122135694 0.921828135694 0.966029135694 1","36163802.020411 36242553.287879 36691356.892242 36653532.484193 36235166.228825 36630875.248975 36309172.604729 36623329.060612 36272131.667838 36661091.125725 36213023.108435 36608246.007413 36220401.140943 36638424.547744 36608246.007413 36309172.604729 36638424.547744 36220401.140943 36623329.060612 36286938.969905 36608246.007413 36198276.057103 36266371.938685"
bothTestSameTim-3293-20221223-13:41:11-4832,vector,Throughput.destinationHost.app[0],throughput:vector,,,"0.044108135694 0.088282135694 0.131952135694 0.175586135694 0.219706135694 0.263394135694 0.307541135694 0.351265135694 0.395484135694 0.439190135694 0.483256135694 0.526935135694 0.571010135694 0.614653135694 0.658314135694 0.702362135694 0.746005135694 0.790107135694 0.833741135694 0.877879135694 0.921585135694 0.965759135694 1","36274487.117297 36220401.140943 36638424.547744 36668652.885365 36264732.547597 36623329.060612 36242553.287879 36593175.372793 36183541.011782 36608246.007413 36309172.604729 36630875.248975 36301758.366421 36661091.125725 36645976.958842 36324010.170723 36661091.125725 36279533.807991 36668652.885365 36249943.359464 36608246.007413 36220401.140943 35980400.173021"
bothTestSameTim-3294-20221223-13:41:11-5724,vector,Throughput.destinationHost.app[0],throughput:vector,,,"0.044243135694 0.088417135694 0.132150135694 0.175874135694 0.219976135694 0.263592135694 0.307712135694 0.351373135694 0.395403135694 0.439109135694 0.483220135694 0.526881135694 0.571001135694 0.614671135694 0.658377135694 0.702506135694 0.746068135694 0.790278135694 0.833984135694 0.878140135694 0.921810135694 0.965948135694 1","36163802.020411 36220401.140943 36585644.707658 36593175.372793 36279533.807991 36683785.766691 36264732.547597 36645976.958842 36338859.868272 36608246.007413 36272131.667838 36645976.958842 36264732.547597 36638424.547744 36608246.007413 36257336.445421 36729259.446306 36190907.034608 36608246.007413 36235166.228825 36638424.547744 36249943.359464 36180104.235377"
bothTestSameTim-3295-20221223-13:41:11-12980,vector,Throughput.destinationHost.app[0],throughput:vector,,,"0.044021087802 0.087799087802 0.131937087802 0.175553087802 0.219709087802 0.263388087802 0.307526087802 0.351151087802 0.395235087802 0.438896087802 0.482593087802 0.526695087802 0.570419087802 0.614620087802 0.658263087802 0.702392087802 0.746170087802 0.790290087802 0.833978087802 0.878134087802 0.921813087802 0.965492087802 1","36346216.776754 36548037.827219 36249943.359464 36683785.766691 36235166.228825 36630875.248975 36249943.359464 36676217.765043 36294347.155431 36645976.958842 36615785.980731 36279533.807991 36593175.372793 36198276.057103 36661091.125725 36257336.445421 36548037.827219 36264732.547597 36623329.060612 36235166.228825 36630875.248975 36630875.248975 36165618.853995"
bothTestSameTim-3296-20221223-13:41:12-14116,vector,Throughput.destinationHost.app[0],throughput:vector,,,"0.044021087802 0.087727087802 0.131820087802 0.175571087802 0.219718087802 0.263352087802 0.307508087802 0.351178087802 0.395289087802 0.438896087802 0.482521087802 0.526650087802 0.570365087802 0.614440087802 0.658065087802 0.702167087802 0.745810087802 0.790020087802 0.833780087802 0.877882087802 0.921606087802 0.965285087802 1","36346216.776754 36608246.007413 36286938.969905 36570592.672167 36242553.287879 36668652.885365 36235166.228825 36638424.547744 36272131.667838 36691356.892242 36676217.765043 36257336.445421 36600709.13874 36301758.366421 36676217.765043 36279533.807991 36661091.125725 36190907.034608 36563071.297989 36279533.807991 36593175.372793 36630875.248975 35949968.500047"
bothTestSameTim-3297-20221223-13:41:13-17848,vector,Throughput.destinationHost.app[0],throughput:vector,,,"0.044117135694 0.088228135694 0.131898135694 0.175559135694 0.219616135694 0.263295135694 0.307352135694 0.351022135694 0.395115135694 0.438830135694 0.482923135694 0.526638135694 0.570749135694 0.614491135694 0.658107135694 0.702254135694 0.745951135694 0.790089135694 0.833732135694 0.877870135694 0.921612135694 0.965768135694 1","36267087.036151 36272131.667838 36638424.547744 36645976.958842 36316589.872211 36630875.248975 36316589.872211 36638424.547744 36286938.969905 36600709.13874 36286938.969905 36600709.13874 36272131.667838 36578117.14142 36683785.766691 36242553.287879 36615785.980731 36249943.359464 36661091.125725 36249943.359464 36578117.14142 36235166.228825 35989859.885722"
bothTestSameTim-3298-20221223-13:41:13-17308,vector,Throughput.destinationHost.app[0],throughput:vector,,,"0.044162135694 0.088273135694 0.131916135694 0.175658135694 0.219769135694 0.263439135694 0.307577135694 0.351148135694 0.395241135694 0.438920135694 0.483058135694 0.526791135694 0.570992135694 0.614527135694 0.658188135694 0.702308135694 0.746068135694 0.790242135694 0.833930135694 0.878050135694 0.921783135694 0.965822135694 1","36230131.873296 36272131.667838 36661091.125725 36578117.14142 36272131.667838 36638424.547744 36249943.359464 36721672.67219 36286938.969905 36630875.248975 36249943.359464 36585644.707658 36198276.057103 36752038.589641 36645976.958842 36264732.547597 36563071.297989 36220401.140943 36623329.060612 36264732.547597 36585644.707658 36331433.502123 36514862.041304"
bothTestSameTim-3299-20221223-13:41:13-15252,vector,Throughput.destinationHost.app[0],throughput:vector,,,"0.044030087802 0.087700087802 0.131856087802 0.175544087802 0.219763087802 0.263451087802 0.307607087802 0.351322087802 0.395451087802 0.439175087802 0.482827087802 0.526893087802 0.570554087802 0.614629087802 0.658299087802 0.702428087802 0.746152087802 0.790263087802 0.834050087802 0.878152087802 0.921858087802 0.965501087802 1","36338787.403629 36638424.547744 36235166.228825 36623329.060612 36183541.011782 36623329.060612 36235166.228825 36600709.13874 36257336.445421 36593175.372793 36653532.484193 36309172.604729 36645976.958842 36301758.366421 36638424.547744 36257336.445421 36593175.372793 36272131.667838 36540525.726814 36279533.807991 36608246.007413 36661091.125725 36175053.660746"
